Workbook

Sheet How to use
A1: Weekly Ads Report — template
A3: 1. Paste daily data into the Daily Data tab (one row per day per campaign). Fill only the yellow columns A–I; the grey columns calculate automatically.
A4: 2. Set your targets in the Targets tab (yellow cells).
A5: 3. Log any changes you make (budgets, bids, new creatives, pauses) in the Change Log tab. The summary uses this to explain movements.
A6: 4. Weekly View shows totals and week-on-week changes by week (weeks start on Monday).
A7: 5. Ask Claude (with the Weekly Ads Summary skill): "Write this week's ads summary from my Weekly Ads Report sheet."
A9: Legend
A10: Yellow fill = cells you fill in
A11: Grey fill = formulas, don't edit
A13: The rows already in Daily Data, Targets and Change Log are fictional sample data. Delete them (keep the header row and the formulas in columns J–N) before adding your own.

Sheet Daily Data
A1: Date | B1: Platform | C1: Campaign | D1: Campaign type | E1: Spend (₹) | F1: Impressions | G1: Clicks | H1: Conversions | I1: Conv. value (₹) | J1: CTR | K1: CPC (₹) | L1: CPA (₹) | M1: ROAS (x) | N1: Week start (Mon)
A2: 46258 | B2: Meta | C2: Prospecting – Broad | D2: Sales | E2: 2527 | F2: 72553 | G2: 815 | H2: 5 | I2: 5771 | J2: =IFERROR(G2/F2,"") -> 0.011233167 | K2: =IFERROR(E2/G2,"") -> 3.1006135 | L2: =IFERROR(E2/H2,"") -> 505.4 | M2: =IFERROR(I2/E2,"") -> 2.2837357 | N2: =IF(A2="","",A2-WEEKDAY(A2,3)) -> 46258
A3: 46258 | B3: Meta | C3: Retargeting – 30D | D3: Sales | E3: 1370 | F3: 19144 | G3: 345 | H3: 4 | I3: 4967 | J3: =IFERROR(G3/F3,"") -> 0.018021312 | K3: =IFERROR(E3/G3,"") -> 3.9710145 | L3: =IFERROR(E3/H3,"") -> 342.5 | M3: =IFERROR(I3/E3,"") -> 3.6255474 | N3: =IF(A3="","",A3-WEEKDAY(A3,3)) -> 46258
A4: 46258 | B4: Google | C4: Brand – Search | D4: Search | E4: 1024 | F4: 4774 | G4: 661 | H4: 5 | I4: 6255 | J4: =IFERROR(G4/F4,"") -> 0.13845832 | K4: =IFERROR(E4/G4,"") -> 1.5491679 | L4: =IFERROR(E4/H4,"") -> 204.8 | M4: =IFERROR(I4/E4,"") -> 6.1083984 | N4: =IF(A4="","",A4-WEEKDAY(A4,3)) -> 46258
A5: 46258 | B5: Google | C5: PMax – All products | D5: Performance Max | E5: 2580 | F5: 92294 | G5: 883 | H5: 10 | I5: 11678 | J5: =IFERROR(G5/F5,"") -> 0.0095672525 | K5: =IFERROR(E5/G5,"") -> 2.9218573 | L5: =IFERROR(E5/H5,"") -> 258 | M5: =IFERROR(I5/E5,"") -> 4.5263566 | N5: =IF(A5="","",A5-WEEKDAY(A5,3)) -> 46258
A6: 46258 | B6: Google | C6: Generic – Search | D6: Search | E6: 1291 | F6: 8184 | G6: 430 | H6: 3 | I6: 3183 | J6: =IFERROR(G6/F6,"") -> 0.052541544 | K6: =IFERROR(E6/G6,"") -> 3.0023256 | L6: =IFERROR(E6/H6,"") -> 430.33333 | M6: =IFERROR(I6/E6,"") -> 2.4655306 | N6: =IF(A6="","",A6-WEEKDAY(A6,3)) -> 46258
A7: 46259 | B7: Meta | C7: Prospecting – Broad | D7: Sales | E7: 2441 | F7: 75012 | G7: 862 | H7: 6 | I7: 6956 | J7: =IFERROR(G7/F7,"") -> 0.011491495 | K7: =IFERROR(E7/G7,"") -> 2.8317865 | L7: =IFERROR(E7/H7,"") -> 406.83333 | M7: =IFERROR(I7/E7,"") -> 2.8496518 | N7: =IF(A7="","",A7-WEEKDAY(A7,3)) -> 46258
A8: 46259 | B8: Meta | C8: Retargeting – 30D | D8: Sales | E8: 1431 | F8: 20464 | G8: 371 | H8: 4 | I8: 4780 | J8: =IFERROR(G8/F8,"") -> 0.018129398 | K8: =IFERROR(E8/G8,"") -> 3.8571429 | L8: =IFERROR(E8/H8,"") -> 357.75 | M8: =IFERROR(I8/E8,"") -> 3.3403215 | N8: =IF(A8="","",A8-WEEKDAY(A8,3)) -> 46258
A9: 46259 | B9: Google | C9: Brand – Search | D9: Search | E9: 1048 | F9: 5388 | G9: 747 | H9: 5 | I9: 6556 | J9: =IFERROR(G9/F9,"") -> 0.13864143 | K9: =IFERROR(E9/G9,"") -> 1.4029451 | L9: =IFERROR(E9/H9,"") -> 209.6 | M9: =IFERROR(I9/E9,"") -> 6.2557252 | N9: =IF(A9="","",A9-WEEKDAY(A9,3)) -> 46258
A10: 46259 | B10: Google | C10: PMax – All products | D10: Performance Max | E10: 2680 | F10: 86396 | G10: 810 | H10: 9 | I10: 10348 | J10: =IFERROR(G10/F10,"") -> 0.009375434 | K10: =IFERROR(E10/G10,"") -> 3.308642 | L10: =IFERROR(E10/H10,"") -> 297.77778 | M10: =IFERROR(I10/E10,"") -> 3.861194 | N10: =IF(A10="","",A10-WEEKDAY(A10,3)) -> 46258
A11: 46259 | B11: Google | C11: Generic – Search | D11: Search | E11: 1214 | F11: 9045 | G11: 476 | H11: 4 | I11: 4307 | J11: =IFERROR(G11/F11,"") -> 0.05262576 | K11: =IFERROR(E11/G11,"") -> 2.5504202 | L11: =IFERROR(E11/H11,"") -> 303.5 | M11: =IFERROR(I11/E11,"") -> 3.5477759 | N11: =IF(A11="","",A11-WEEKDAY(A11,3)) -> 46258
A12: 46260 | B12: Meta | C12: Prospecting – Broad | D12: Sales | E12: 2800 | F12: 72042 | G12: 783 | H12: 6 | I12: 6660 | J12: =IFERROR(G12/F12,"") -> 0.01086866 | K12: =IFERROR(E12/G12,"") -> 3.5759898 | L12: =IFERROR(E12/H12,"") -> 466.66667 | M12: =IFERROR(I12/E12,"") -> 2.3785714 | N12: =IF(A12="","",A12-WEEKDAY(A12,3)) -> 46258
A13: 46260 | B13: Meta | C13: Retargeting – 30D | D13: Sales | E13: 1398 | F13: 19065 | G13: 351 | H13: 5 | I13: 6296 | J13: =IFERROR(G13/F13,"") -> 0.0184107 | K13: =IFERROR(E13/G13,"") -> 3.982906 | L13: =IFERROR(E13/H13,"") -> 279.6 | M13: =IFERROR(I13/E13,"") -> 4.5035765 | N13: =IF(A13="","",A13-WEEKDAY(A13,3)) -> 46258
... A141: 46285 | B141: Google | C141: Generic – Search | D141: Search | E141: 1153 | F141: 9301 | G141: 493 | H141: 3 | I141: 3146 | J141: =IFERROR(G141/F141,"") -> 0.053005053 | K141: =IFERROR(E141/G141,"") -> 2.3387424 | L141: =IFERROR(E141/H141,"") -> 384.33333 | M141: =IFERROR(I141/E141,"") -> 2.7285343 | N141: =IF(A141="","",A141-WEEKDAY(A141,3)) -> 46279
J142: =IFERROR(G142/F142,"") | K142: =IFERROR(E142/G142,"") | L142: =IFERROR(E142/H142,"") | M142: =IFERROR(I142/E142,"") | N142: =IF(A142="","",A142-WEEKDAY(A142,3))
J143: =IFERROR(G143/F143,"") | K143: =IFERROR(E143/G143,"") | L143: =IFERROR(E143/H143,"") | M143: =IFERROR(I143/E143,"") | N143: =IF(A143="","",A143-WEEKDAY(A143,3))
J144: =IFERROR(G144/F144,"") | K144: =IFERROR(E144/G144,"") | L144: =IFERROR(E144/H144,"") | M144: =IFERROR(I144/E144,"") | N144: =IF(A144="","",A144-WEEKDAY(A144,3))
J145: =IFERROR(G145/F145,"") | K145: =IFERROR(E145/G145,"") | L145: =IFERROR(E145/H145,"") | M145: =IFERROR(I145/E145,"") | N145: =IF(A145="","",A145-WEEKDAY(A145,3))
J146: =IFERROR(G146/F146,"") | K146: =IFERROR(E146/G146,"") | L146: =IFERROR(E146/H146,"") | M146: =IFERROR(I146/E146,"") | N146: =IF(A146="","",A146-WEEKDAY(A146,3))
J147: =IFERROR(G147/F147,"") | K147: =IFERROR(E147/G147,"") | L147: =IFERROR(E147/H147,"") | M147: =IFERROR(I147/E147,"") | N147: =IF(A147="","",A147-WEEKDAY(A147,3))
J148: =IFERROR(G148/F148,"") | K148: =IFERROR(E148/G148,"") | L148: =IFERROR(E148/H148,"") | M148: =IFERROR(I148/E148,"") | N148: =IF(A148="","",A148-WEEKDAY(A148,3))
J149: =IFERROR(G149/F149,"") | K149: =IFERROR(E149/G149,"") | L149: =IFERROR(E149/H149,"") | M149: =IFERROR(I149/E149,"") | N149: =IF(A149="","",A149-WEEKDAY(A149,3))
J150: =IFERROR(G150/F150,"") | K150: =IFERROR(E150/G150,"") | L150: =IFERROR(E150/H150,"") | M150: =IFERROR(I150/E150,"") | N150: =IF(A150="","",A150-WEEKDAY(A150,3))
J151: =IFERROR(G151/F151,"") | K151: =IFERROR(E151/G151,"") | L151: =IFERROR(E151/H151,"") | M151: =IFERROR(I151/E151,"") | N151: =IF(A151="","",A151-WEEKDAY(A151,3))
J152: =IFERROR(G152/F152,"") | K152: =IFERROR(E152/G152,"") | L152: =IFERROR(E152/H152,"") | M152: =IFERROR(I152/E152,"") | N152: =IF(A152="","",A152-WEEKDAY(A152,3))
J153: =IFERROR(G153/F153,"") | K153: =IFERROR(E153/G153,"") | L153: =IFERROR(E153/H153,"") | M153: =IFERROR(I153/E153,"") | N153: =IF(A153="","",A153-WEEKDAY(A153,3))
... J641: =IFERROR(G641/F641,"") | K641: =IFERROR(E641/G641,"") | L641: =IFERROR(E641/H641,"") | M641: =IFERROR(I641/E641,"") | N641: =IF(A641="","",A641-WEEKDAY(A641,3))

Sheet Targets
A1: Platform | B1: Goal type | C1: Target CPA (₹) | D1: Target ROAS (x) | E1: Weekly budget (₹)
A2: Meta | B2: CPA | C2: 450 | E2: 28000
A3: Google | B3: ROAS | D3: 3.5 | E3: 35000
A5: Goal type: CPA or ROAS. Fill the matching target column; leave the other blank.

Sheet Change Log
A1: Date | B1: Platform | C1: Campaign | D1: Change | E1: Reason
A2: 46272 | B2: Google | C2: Generic – Search | D2: Switched bidding to Target ROAS 3.5x | E2: Move to value-based bidding
A3: 46279 | B3: Google | C3: PMax – All products | D3: Budget +15% | E3: Strong ROAS in previous weeks
A4: 46279 | B4: Meta | C4: Prospecting – Broad | D4: No new creatives this week | E4: Creative team busy with festive shoot
A5: 46282 | B5: Meta | C5: All | D5: Website checkout update deployed | E5: Dev release

Sheet Weekly View
A1: Week start (Mon) | B1: Total spend (₹) | C1: Total conv. | D1: Total value (₹) | E1: Total CPA (₹) | F1: Total ROAS (x) | G1: Spend WoW | H1: CPA WoW | I1: ROAS WoW | J1: Meta spend (₹) | K1: Meta conv. | L1: Meta CPA (₹) | M1: Google spend (₹) | N1: Google value (₹) | O1: Google ROAS (x)
A2: =IF(MIN('Daily Data'!$A$2:$A$2000)=0,"",IF((MIN('Daily Data'!$A$2:$A$2000)-WEEKDAY(MIN('Daily Data'!$A$2:$A$2000),3)+7*0)>MAX('Daily Data'!$A$2:$A$2000),"",(MIN('Daily Data'!$A$2:$A$2000)-WEEKDAY(MIN('Daily Data'!$A$2:$A$2000),3)+7*0))) -> 46258 | B2: =IF(A2="","",SUMIFS('Daily Data'!$E$2:$E$2000,'Daily Data'!$N$2:$N$2000,A2)) -> 62253 | C2: =IF(A2="","",SUMIFS('Daily Data'!$H$2:$H$2000,'Daily Data'!$N$2:$N$2000,A2)) -> 206 | D2: =IF(A2="","",SUMIFS('Daily Data'!$I$2:$I$2000,'Daily Data'!$N$2:$N$2000,A2)) -> 244484 | E2: =IFERROR(B2/C2,"") -> 302.19903 | F2: =IFERROR(D2/B2,"") -> 3.9272645 | J2: =IF(A2="","",SUMIFS('Daily Data'!$E$2:$E$2000,'Daily Data'!$N$2:$N$2000,A2,'Daily Data'!$B$2:$B$2000,"Meta")) -> 27381 | K2: =IF(A2="","",SUMIFS('Daily Data'!$H$2:$H$2000,'Daily Data'!$N$2:$N$2000,A2,'Daily Data'!$B$2:$B$2000,"Meta")) -> 71 | L2: =IFERROR(J2/K2,"") -> 385.64789 | M2: =IF(A2="","",SUMIFS('Daily Data'!$E$2:$E$2000,'Daily Data'!$N$2:$N$2000,A2,'Daily Data'!$B$2:$B$2000,"Google")) -> 34872 | N2: =IF(A2="","",SUMIFS('Daily Data'!$I$2:$I$2000,'Daily Data'!$N$2:$N$2000,A2,'Daily Data'!$B$2:$B$2000,"Google")) -> 160444 | O2: =IFERROR(N2/M2,"") -> 4.6009406
A3: =IF(MIN('Daily Data'!$A$2:$A$2000)=0,"",IF((MIN('Daily Data'!$A$2:$A$2000)-WEEKDAY(MIN('Daily Data'!$A$2:$A$2000),3)+7*1)>MAX('Daily Data'!$A$2:$A$2000),"",(MIN('Daily Data'!$A$2:$A$2000)-WEEKDAY(MIN('Daily Data'!$A$2:$A$2000),3)+7*1))) -> 46265 | B3: =IF(A3="","",SUMIFS('Daily Data'!$E$2:$E$2000,'Daily Data'!$N$2:$N$2000,A3)) -> 62373 | C3: =IF(A3="","",SUMIFS('Daily Data'!$H$2:$H$2000,'Daily Data'!$N$2:$N$2000,A3)) -> 209 | D3: =IF(A3="","",SUMIFS('Daily Data'!$I$2:$I$2000,'Daily Data'!$N$2:$N$2000,A3)) -> 251621 | E3: =IFERROR(B3/C3,"") -> 298.43541 | F3: =IFERROR(D3/B3,"") -> 4.0341334 | G3: =IF(A3="","",IFERROR(B3/B2-1,"")) -> 0.0019276179 | H3: =IFERROR(E3/E2-1,"") -> -0.012454118 | I3: =IFERROR(F3/F2-1,"") -> 0.027212022 | J3: =IF(A3="","",SUMIFS('Daily Data'!$E$2:$E$2000,'Daily Data'!$N$2:$N$2000,A3,'Daily Data'!$B$2:$B$2000,"Meta")) -> 27614 | K3: =IF(A3="","",SUMIFS('Daily Data'!$H$2:$H$2000,'Daily Data'!$N$2:$N$2000,A3,'Daily Data'!$B$2:$B$2000,"Meta")) -> 82 | L3: =IFERROR(J3/K3,"") -> 336.7561 | M3: =IF(A3="","",SUMIFS('Daily Data'!$E$2:$E$2000,'Daily Data'!$N$2:$N$2000,A3,'Daily Data'!$B$2:$B$2000,"Google")) -> 34759 | N3: =IF(A3="","",SUMIFS('Daily Data'!$I$2:$I$2000,'Daily Data'!$N$2:$N$2000,A3,'Daily Data'!$B$2:$B$2000,"Google")) -> 152252 | O3: =IFERROR(N3/M3,"") -> 4.3802181
A4: =IF(MIN('Daily Data'!$A$2:$A$2000)=0,"",IF((MIN('Daily Data'!$A$2:$A$2000)-WEEKDAY(MIN('Daily Data'!$A$2:$A$2000),3)+7*2)>MAX('Daily Data'!$A$2:$A$2000),"",(MIN('Daily Data'!$A$2:$A$2000)-WEEKDAY(MIN('Daily Data'!$A$2:$A$2000),3)+7*2))) -> 46272 | B4: =IF(A4="","",SUMIFS('Daily Data'!$E$2:$E$2000,'Daily Data'!$N$2:$N$2000,A4)) -> 62517 | C4: =IF(A4="","",SUMIFS('Daily Data'!$H$2:$H$2000,'Daily Data'!$N$2:$N$2000,A4)) -> 200 | D4: =IF(A4="","",SUMIFS('Daily Data'!$I$2:$I$2000,'Daily Data'!$N$2:$N$2000,A4)) -> 240429 | E4: =IFERROR(B4/C4,"") -> 312.585 | F4: =IFERROR(D4/B4,"") -> 3.8458179 | G4: =IF(A4="","",IFERROR(B4/B3-1,"")) -> 0.0023086913 | H4: =IFERROR(E4/E3-1,"") -> 0.047412582 | I4: =IFERROR(F4/F3-1,"") -> -0.046680515 | J4: =IF(A4="","",SUMIFS('Daily Data'!$E$2:$E$2000,'Daily Data'!$N$2:$N$2000,A4,'Daily Data'!$B$2:$B$2000,"Meta")) -> 27719 | K4: =IF(A4="","",SUMIFS('Daily Data'!$H$2:$H$2000,'Daily Data'!$N$2:$N$2000,A4,'Daily Data'!$B$2:$B$2000,"Meta")) -> 78 | L4: =IFERROR(J4/K4,"") -> 355.37179 | M4: =IF(A4="","",SUMIFS('Daily Data'!$E$2:$E$2000,'Daily Data'!$N$2:$N$2000,A4,'Daily Data'!$B$2:$B$2000,"Google")) -> 34798 | N4: =IF(A4="","",SUMIFS('Daily Data'!$I$2:$I$2000,'Daily Data'!$N$2:$N$2000,A4,'Daily Data'!$B$2:$B$2000,"Google")) -> 148399 | O4: =IFERROR(N4/M4,"") -> 4.2645842
A5: =IF(MIN('Daily Data'!$A$2:$A$2000)=0,"",IF((MIN('Daily Data'!$A$2:$A$2000)-WEEKDAY(MIN('Daily Data'!$A$2:$A$2000),3)+7*3)>MAX('Daily Data'!$A$2:$A$2000),"",(MIN('Daily Data'!$A$2:$A$2000)-WEEKDAY(MIN('Daily Data'!$A$2:$A$2000),3)+7*3))) -> 46279 | B5: =IF(A5="","",SUMIFS('Daily Data'!$E$2:$E$2000,'Daily Data'!$N$2:$N$2000,A5)) -> 65826 | C5: =IF(A5="","",SUMIFS('Daily Data'!$H$2:$H$2000,'Daily Data'!$N$2:$N$2000,A5)) -> 191 | D5: =IF(A5="","",SUMIFS('Daily Data'!$I$2:$I$2000,'Daily Data'!$N$2:$N$2000,A5)) -> 228690 | E5: =IFERROR(B5/C5,"") -> 344.63874 | F5: =IFERROR(D5/B5,"") -> 3.4741591 | G5: =IF(A5="","",IFERROR(B5/B4-1,"")) -> 0.052929603 | H5: =IFERROR(E5/E4-1,"") -> 0.10254409 | I5: =IFERROR(F5/F4-1,"") -> -0.096639726 | J5: =IF(A5="","",SUMIFS('Daily Data'!$E$2:$E$2000,'Daily Data'!$N$2:$N$2000,A5,'Daily Data'!$B$2:$B$2000,"Meta")) -> 28573 | K5: =IF(A5="","",SUMIFS('Daily Data'!$H$2:$H$2000,'Daily Data'!$N$2:$N$2000,A5,'Daily Data'!$B$2:$B$2000,"Meta")) -> 53 | L5: =IFERROR(J5/K5,"") -> 539.11321 | M5: =IF(A5="","",SUMIFS('Daily Data'!$E$2:$E$2000,'Daily Data'!$N$2:$N$2000,A5,'Daily Data'!$B$2:$B$2000,"Google")) -> 37253 | N5: =IF(A5="","",SUMIFS('Daily Data'!$I$2:$I$2000,'Daily Data'!$N$2:$N$2000,A5,'Daily Data'!$B$2:$B$2000,"Google")) -> 163831 | O5: =IFERROR(N5/M5,"") -> 4.3977935
A6: =IF(MIN('Daily Data'!$A$2:$A$2000)=0,"",IF((MIN('Daily Data'!$A$2:$A$2000)-WEEKDAY(MIN('Daily Data'!$A$2:$A$2000),3)+7*4)>MAX('Daily Data'!$A$2:$A$2000),"",(MIN('Daily Data'!$A$2:$A$2000)-WEEKDAY(MIN('Daily Data'!$A$2:$A$2000),3)+7*4))) | B6: =IF(A6="","",SUMIFS('Daily Data'!$E$2:$E$2000,'Daily Data'!$N$2:$N$2000,A6)) | C6: =IF(A6="","",SUMIFS('Daily Data'!$H$2:$H$2000,'Daily Data'!$N$2:$N$2000,A6)) | D6: =IF(A6="","",SUMIFS('Daily Data'!$I$2:$I$2000,'Daily Data'!$N$2:$N$2000,A6)) | E6: =IFERROR(B6/C6,"") | F6: =IFERROR(D6/B6,"") | G6: =IF(A6="","",IFERROR(B6/B5-1,"")) | H6: =IFERROR(E6/E5-1,"") | I6: =IFERROR(F6/F5-1,"") | J6: =IF(A6="","",SUMIFS('Daily Data'!$E$2:$E$2000,'Daily Data'!$N$2:$N$2000,A6,'Daily Data'!$B$2:$B$2000,"Meta")) | K6: =IF(A6="","",SUMIFS('Daily Data'!$H$2:$H$2000,'Daily Data'!$N$2:$N$2000,A6,'Daily Data'!$B$2:$B$2000,"Meta")) | L6: =IFERROR(J6/K6,"") | M6: =IF(A6="","",SUMIFS('Daily Data'!$E$2:$E$2000,'Daily Data'!$N$2:$N$2000,A6,'Daily Data'!$B$2:$B$2000,"Google")) | N6: =IF(A6="","",SUMIFS('Daily Data'!$I$2:$I$2000,'Daily Data'!$N$2:$N$2000,A6,'Daily Data'!$B$2:$B$2000,"Google")) | O6: =IFERROR(N6/M6,"")
A7: =IF(MIN('Daily Data'!$A$2:$A$2000)=0,"",IF((MIN('Daily Data'!$A$2:$A$2000)-WEEKDAY(MIN('Daily Data'!$A$2:$A$2000),3)+7*5)>MAX('Daily Data'!$A$2:$A$2000),"",(MIN('Daily Data'!$A$2:$A$2000)-WEEKDAY(MIN('Daily Data'!$A$2:$A$2000),3)+7*5))) | B7: =IF(A7="","",SUMIFS('Daily Data'!$E$2:$E$2000,'Daily Data'!$N$2:$N$2000,A7)) | C7: =IF(A7="","",SUMIFS('Daily Data'!$H$2:$H$2000,'Daily Data'!$N$2:$N$2000,A7)) | D7: =IF(A7="","",SUMIFS('Daily Data'!$I$2:$I$2000,'Daily Data'!$N$2:$N$2000,A7)) | E7: =IFERROR(B7/C7,"") | F7: =IFERROR(D7/B7,"") | G7: =IF(A7="","",IFERROR(B7/B6-1,"")) | H7: =IFERROR(E7/E6-1,"") | I7: =IFERROR(F7/F6-1,"") | J7: =IF(A7="","",SUMIFS('Daily Data'!$E$2:$E$2000,'Daily Data'!$N$2:$N$2000,A7,'Daily Data'!$B$2:$B$2000,"Meta")) | K7: =IF(A7="","",SUMIFS('Daily Data'!$H$2:$H$2000,'Daily Data'!$N$2:$N$2000,A7,'Daily Data'!$B$2:$B$2000,"Meta")) | L7: =IFERROR(J7/K7,"") | M7: =IF(A7="","",SUMIFS('Daily Data'!$E$2:$E$2000,'Daily Data'!$N$2:$N$2000,A7,'Daily Data'!$B$2:$B$2000,"Google")) | N7: =IF(A7="","",SUMIFS('Daily Data'!$I$2:$I$2000,'Daily Data'!$N$2:$N$2000,A7,'Daily Data'!$B$2:$B$2000,"Google")) | O7: =IFERROR(N7/M7,"")
A8: =IF(MIN('Daily Data'!$A$2:$A$2000)=0,"",IF((MIN('Daily Data'!$A$2:$A$2000)-WEEKDAY(MIN('Daily Data'!$A$2:$A$2000),3)+7*6)>MAX('Daily Data'!$A$2:$A$2000),"",(MIN('Daily Data'!$A$2:$A$2000)-WEEKDAY(MIN('Daily Data'!$A$2:$A$2000),3)+7*6))) | B8: =IF(A8="","",SUMIFS('Daily Data'!$E$2:$E$2000,'Daily Data'!$N$2:$N$2000,A8)) | C8: =IF(A8="","",SUMIFS('Daily Data'!$H$2:$H$2000,'Daily Data'!$N$2:$N$2000,A8)) | D8: =IF(A8="","",SUMIFS('Daily Data'!$I$2:$I$2000,'Daily Data'!$N$2:$N$2000,A8)) | E8: =IFERROR(B8/C8,"") | F8: =IFERROR(D8/B8,"") | G8: =IF(A8="","",IFERROR(B8/B7-1,"")) | H8: =IFERROR(E8/E7-1,"") | I8: =IFERROR(F8/F7-1,"") | J8: =IF(A8="","",SUMIFS('Daily Data'!$E$2:$E$2000,'Daily Data'!$N$2:$N$2000,A8,'Daily Data'!$B$2:$B$2000,"Meta")) | K8: =IF(A8="","",SUMIFS('Daily Data'!$H$2:$H$2000,'Daily Data'!$N$2:$N$2000,A8,'Daily Data'!$B$2:$B$2000,"Meta")) | L8: =IFERROR(J8/K8,"") | M8: =IF(A8="","",SUMIFS('Daily Data'!$E$2:$E$2000,'Daily Data'!$N$2:$N$2000,A8,'Daily Data'!$B$2:$B$2000,"Google")) | N8: =IF(A8="","",SUMIFS('Daily Data'!$I$2:$I$2000,'Daily Data'!$N$2:$N$2000,A8,'Daily Data'!$B$2:$B$2000,"Google")) | O8: =IFERROR(N8/M8,"")
A9: =IF(MIN('Daily Data'!$A$2:$A$2000)=0,"",IF((MIN('Daily Data'!$A$2:$A$2000)-WEEKDAY(MIN('Daily Data'!$A$2:$A$2000),3)+7*7)>MAX('Daily Data'!$A$2:$A$2000),"",(MIN('Daily Data'!$A$2:$A$2000)-WEEKDAY(MIN('Daily Data'!$A$2:$A$2000),3)+7*7))) | B9: =IF(A9="","",SUMIFS('Daily Data'!$E$2:$E$2000,'Daily Data'!$N$2:$N$2000,A9)) | C9: =IF(A9="","",SUMIFS('Daily Data'!$H$2:$H$2000,'Daily Data'!$N$2:$N$2000,A9)) | D9: =IF(A9="","",SUMIFS('Daily Data'!$I$2:$I$2000,'Daily Data'!$N$2:$N$2000,A9)) | E9: =IFERROR(B9/C9,"") | F9: =IFERROR(D9/B9,"") | G9: =IF(A9="","",IFERROR(B9/B8-1,"")) | H9: =IFERROR(E9/E8-1,"") | I9: =IFERROR(F9/F8-1,"") | J9: =IF(A9="","",SUMIFS('Daily Data'!$E$2:$E$2000,'Daily Data'!$N$2:$N$2000,A9,'Daily Data'!$B$2:$B$2000,"Meta")) | K9: =IF(A9="","",SUMIFS('Daily Data'!$H$2:$H$2000,'Daily Data'!$N$2:$N$2000,A9,'Daily Data'!$B$2:$B$2000,"Meta")) | L9: =IFERROR(J9/K9,"") | M9: =IF(A9="","",SUMIFS('Daily Data'!$E$2:$E$2000,'Daily Data'!$N$2:$N$2000,A9,'Daily Data'!$B$2:$B$2000,"Google")) | N9: =IF(A9="","",SUMIFS('Daily Data'!$I$2:$I$2000,'Daily Data'!$N$2:$N$2000,A9,'Daily Data'!$B$2:$B$2000,"Google")) | O9: =IFERROR(N9/M9,"")
A10: =IF(MIN('Daily Data'!$A$2:$A$2000)=0,"",IF((MIN('Daily Data'!$A$2:$A$2000)-WEEKDAY(MIN('Daily Data'!$A$2:$A$2000),3)+7*8)>MAX('Daily Data'!$A$2:$A$2000),"",(MIN('Daily Data'!$A$2:$A$2000)-WEEKDAY(MIN('Daily Data'!$A$2:$A$2000),3)+7*8))) | B10: =IF(A10="","",SUMIFS('Daily Data'!$E$2:$E$2000,'Daily Data'!$N$2:$N$2000,A10)) | C10: =IF(A10="","",SUMIFS('Daily Data'!$H$2:$H$2000,'Daily Data'!$N$2:$N$2000,A10)) | D10: =IF(A10="","",SUMIFS('Daily Data'!$I$2:$I$2000,'Daily Data'!$N$2:$N$2000,A10)) | E10: =IFERROR(B10/C10,"") | F10: =IFERROR(D10/B10,"") | G10: =IF(A10="","",IFERROR(B10/B9-1,"")) | H10: =IFERROR(E10/E9-1,"") | I10: =IFERROR(F10/F9-1,"") | J10: =IF(A10="","",SUMIFS('Daily Data'!$E$2:$E$2000,'Daily Data'!$N$2:$N$2000,A10,'Daily Data'!$B$2:$B$2000,"Meta")) | K10: =IF(A10="","",SUMIFS('Daily Data'!$H$2:$H$2000,'Daily Data'!$N$2:$N$2000,A10,'Daily Data'!$B$2:$B$2000,"Meta")) | L10: =IFERROR(J10/K10,"") | M10: =IF(A10="","",SUMIFS('Daily Data'!$E$2:$E$2000,'Daily Data'!$N$2:$N$2000,A10,'Daily Data'!$B$2:$B$2000,"Google")) | N10: =IF(A10="","",SUMIFS('Daily Data'!$I$2:$I$2000,'Daily Data'!$N$2:$N$2000,A10,'Daily Data'!$B$2:$B$2000,"Google")) | O10: =IFERROR(N10/M10,"")
A11: =IF(MIN('Daily Data'!$A$2:$A$2000)=0,"",IF((MIN('Daily Data'!$A$2:$A$2000)-WEEKDAY(MIN('Daily Data'!$A$2:$A$2000),3)+7*9)>MAX('Daily Data'!$A$2:$A$2000),"",(MIN('Daily Data'!$A$2:$A$2000)-WEEKDAY(MIN('Daily Data'!$A$2:$A$2000),3)+7*9))) | B11: =IF(A11="","",SUMIFS('Daily Data'!$E$2:$E$2000,'Daily Data'!$N$2:$N$2000,A11)) | C11: =IF(A11="","",SUMIFS('Daily Data'!$H$2:$H$2000,'Daily Data'!$N$2:$N$2000,A11)) | D11: =IF(A11="","",SUMIFS('Daily Data'!$I$2:$I$2000,'Daily Data'!$N$2:$N$2000,A11)) | E11: =IFERROR(B11/C11,"") | F11: =IFERROR(D11/B11,"") | G11: =IF(A11="","",IFERROR(B11/B10-1,"")) | H11: =IFERROR(E11/E10-1,"") | I11: =IFERROR(F11/F10-1,"") | J11: =IF(A11="","",SUMIFS('Daily Data'!$E$2:$E$2000,'Daily Data'!$N$2:$N$2000,A11,'Daily Data'!$B$2:$B$2000,"Meta")) | K11: =IF(A11="","",SUMIFS('Daily Data'!$H$2:$H$2000,'Daily Data'!$N$2:$N$2000,A11,'Daily Data'!$B$2:$B$2000,"Meta")) | L11: =IFERROR(J11/K11,"") | M11: =IF(A11="","",SUMIFS('Daily Data'!$E$2:$E$2000,'Daily Data'!$N$2:$N$2000,A11,'Daily Data'!$B$2:$B$2000,"Google")) | N11: =IF(A11="","",SUMIFS('Daily Data'!$I$2:$I$2000,'Daily Data'!$N$2:$N$2000,A11,'Daily Data'!$B$2:$B$2000,"Google")) | O11: =IFERROR(N11/M11,"")
A12: =IF(MIN('Daily Data'!$A$2:$A$2000)=0,"",IF((MIN('Daily Data'!$A$2:$A$2000)-WEEKDAY(MIN('Daily Data'!$A$2:$A$2000),3)+7*10)>MAX('Daily Data'!$A$2:$A$2000),"",(MIN('Daily Data'!$A$2:$A$2000)-WEEKDAY(MIN('Daily Data'!$A$2:$A$2000),3)+7*10))) | B12: =IF(A12="","",SUMIFS('Daily Data'!$E$2:$E$2000,'Daily Data'!$N$2:$N$2000,A12)) | C12: =IF(A12="","",SUMIFS('Daily Data'!$H$2:$H$2000,'Daily Data'!$N$2:$N$2000,A12)) | D12: =IF(A12="","",SUMIFS('Daily Data'!$I$2:$I$2000,'Daily Data'!$N$2:$N$2000,A12)) | E12: =IFERROR(B12/C12,"") | F12: =IFERROR(D12/B12,"") | G12: =IF(A12="","",IFERROR(B12/B11-1,"")) | H12: =IFERROR(E12/E11-1,"") | I12: =IFERROR(F12/F11-1,"") | J12: =IF(A12="","",SUMIFS('Daily Data'!$E$2:$E$2000,'Daily Data'!$N$2:$N$2000,A12,'Daily Data'!$B$2:$B$2000,"Meta")) | K12: =IF(A12="","",SUMIFS('Daily Data'!$H$2:$H$2000,'Daily Data'!$N$2:$N$2000,A12,'Daily Data'!$B$2:$B$2000,"Meta")) | L12: =IFERROR(J12/K12,"") | M12: =IF(A12="","",SUMIFS('Daily Data'!$E$2:$E$2000,'Daily Data'!$N$2:$N$2000,A12,'Daily Data'!$B$2:$B$2000,"Google")) | N12: =IF(A12="","",SUMIFS('Daily Data'!$I$2:$I$2000,'Daily Data'!$N$2:$N$2000,A12,'Daily Data'!$B$2:$B$2000,"Google")) | O12: =IFERROR(N12/M12,"")
A13: =IF(MIN('Daily Data'!$A$2:$A$2000)=0,"",IF((MIN('Daily Data'!$A$2:$A$2000)-WEEKDAY(MIN('Daily Data'!$A$2:$A$2000),3)+7*11)>MAX('Daily Data'!$A$2:$A$2000),"",(MIN('Daily Data'!$A$2:$A$2000)-WEEKDAY(MIN('Daily Data'!$A$2:$A$2000),3)+7*11))) | B13: =IF(A13="","",SUMIFS('Daily Data'!$E$2:$E$2000,'Daily Data'!$N$2:$N$2000,A13)) | C13: =IF(A13="","",SUMIFS('Daily Data'!$H$2:$H$2000,'Daily Data'!$N$2:$N$2000,A13)) | D13: =IF(A13="","",SUMIFS('Daily Data'!$I$2:$I$2000,'Daily Data'!$N$2:$N$2000,A13)) | E13: =IFERROR(B13/C13,"") | F13: =IFERROR(D13/B13,"") | G13: =IF(A13="","",IFERROR(B13/B12-1,"")) | H13: =IFERROR(E13/E12-1,"") | I13: =IFERROR(F13/F12-1,"") | J13: =IF(A13="","",SUMIFS('Daily Data'!$E$2:$E$2000,'Daily Data'!$N$2:$N$2000,A13,'Daily Data'!$B$2:$B$2000,"Meta")) | K13: =IF(A13="","",SUMIFS('Daily Data'!$H$2:$H$2000,'Daily Data'!$N$2:$N$2000,A13,'Daily Data'!$B$2:$B$2000,"Meta")) | L13: =IFERROR(J13/K13,"") | M13: =IF(A13="","",SUMIFS('Daily Data'!$E$2:$E$2000,'Daily Data'!$N$2:$N$2000,A13,'Daily Data'!$B$2:$B$2000,"Google")) | N13: =IF(A13="","",SUMIFS('Daily Data'!$I$2:$I$2000,'Daily Data'!$N$2:$N$2000,A13,'Daily Data'!$B$2:$B$2000,"Google")) | O13: =IFERROR(N13/M13,"")
A15: Weeks run Monday to Sunday. Rows after your latest week stay at zero until data is added. The latest week may be incomplete.
